{
    "CareerCard": {
        "Title": "Teacher",
        "Enabled": 1,
        "ImageFemale": "images/teacher.png",
        "ImageMale": "images/teacher.png",        
        "Overview": "Teachers play a fundamental role in shaping the minds and futures of students. They are responsible for developing lesson plans, delivering educational content, assessing student progress, and creating a supportive learning environment. This role is significant as it not only impacts the academic growth of students but also fosters critical life skills and social development.",
        "Benefits and Challenges": {
            "Benefits": [
                "Opportunity to inspire and influence the next generation.",
                "Job security in many regions with a demand for educators.",
                "Ability to pursue lifelong learning and professional development.",
                "Contributions to community values and social cohesion."
            ],
            "Job Challenges": [
                "Challenges with classroom management and diverse learning needs.",
                "Generally low salary compared to other professions requiring similar levels of education.",
                "High levels of stress, especially during exam seasons.",
                "Significant amounts of time spent outside of teaching hours on planning and grading."
            ]
        },
        "Dual Impact Highlights": {
            "Personal Growth": "A career in teaching fosters personal growth through the development of communication, patience, and leadership skills. Teachers learn to navigate challenges and adapt to various situations, ultimately leading to greater resilience and problem-solving abilities.",
            "Community Impact": "Teachers have a significant impact on the community by promoting education, supporting student development, and advocating for social issues. They often serve as role models and contribute to building a more informed and engaged citizenry."
        }
    },
    "Scenarios": [
        {
            "Level": 1,
            "Title": "Initial Challenge 1",
            "Description": "As a new teacher, managing a classroom of diverse students who may have varying levels of engagement and understanding can be daunting.",
            "DecisionCards": [
                {
                    "Option": "Implement a variety of teaching methods to cater to different learning styles.",
                    "Outcomes": {
                        "PersonalImpact": 5,
                        "CommunityImpact": 5
                    }
                },
                {
                    "Option": "Stick with a traditional teaching approach to maintain control over the classroom.",
                    "Outcomes": {
                        "PersonalImpact": 3,
                        "CommunityImpact": -4
                    }
                }
            ]
        },
        {
            "Level": 2,
            "Title": "Advanced Challenge 1",
            "Description": "As a more experienced teacher, you are tasked with mentoring new teachers while handling a larger class size and meeting individual educational needs.",
            "DecisionCards": [
                {
                    "Option": "Hold regular mentorship sessions and collaborate with new teachers.",
                    "Outcomes": {
                        "PersonalImpact": 6,
                        "CommunityImpact": 5
                    }
                },
                {
                    "Option": "Focus solely on your own class without engaging in mentorship.",
                    "Outcomes": {
                        "PersonalImpact": 3,
                        "CommunityImpact": -4
                    }
                }
            ]
        }
    ]
}