{
    "CareerCard": {
        "Title": "Architect",
        "Enabled": 1,
        "ImageMale": "images/careers/architect/architect.jpg",
        "ImageFemale": "images/careers/architect/architect.jpg",
        "Overview": "Architects are professionals who design buildings and other structures, balancing functionality with aesthetics and safety. They work closely with clients, engineers, and construction teams to bring innovative ideas to life while adhering to zoning laws and environmental regulations. Their role is crucial in shaping communities and enhancing the quality of life through thoughtful and sustainable design.",
        "Benefits and Challenges": {
            "Benefits": [
                "Creative expression through design",
                "Strong demand for skilled professionals",
                "Opportunities for specialization in various fields",
                "Potential for high earnings and career advancement"
            ],
            "Job Challenges": [
                "High-pressure deadlines and client expectations",
                "Balancing creativity with budget constraints",
                "Dealing with complex regulations and codes",
                "Possible long hours and tight schedules"
            ]
        },
        "Dual Impact Highlights": {
            "PersonalGrowth": "This career fosters personal development by enhancing creativity, critical thinking, and problem-solving skills. Architects often engage in lifelong learning to stay updated on industry trends and technologies, leading to personal fulfillment.",
            "CommunityImpact": "Architects contribute significantly to society by designing public spaces, homes, and infrastructure that improve community life. Their work can promote sustainability, enhance local economies, and create public awareness about environmental issues."
        },
        "Choices": [
            {
                "Option": "Focus on innovative, high-profile projects that push creative boundaries.",
                "PersonalImpact": 5,
                "CommunityImpact": 2,
                "Result": "You become a sought-after designer known for your artistic vision, though the societal impact may feel limited."
            },
            {
                "Option": "Drive projects that prioritize sustainable design and community needs.",
                "PersonalImpact": 3,
                "CommunityImpact": 5,
                "Result": "Your work profoundly benefits the community, enhancing your sense of purpose and connection to society."
            }
        ]
    },
    "Scenarios": [
        {
            "Title": "Sustainable Housing Initiative",
            "Audio": "audio/architect/sustainable_housing.mp3",
            "BackgroundImage": "images/careers/architect/sustainable_housing.jpg",
            "Description": "You are presented with an opportunity to design an eco-friendly housing complex that aims to provide affordable living for families in need. Balancing cost, sustainability, and client expectations proves to be challenging as you navigate various stakeholder interests and community needs.",
            "DecisionCards": [
                {
                    "Option": "Opt for cost-effective materials to keep the project within budget.",
                    "Outcomes": {
                        "PersonalImpact": 4,
                        "CommunityImpact": 3
                    }
                },
                {
                    "Option": "Prioritize sustainable materials and design, even if it stretches the budget.",
                    "Outcomes": {
                        "PersonalImpact": 5,
                        "CommunityImpact": 6
                    }
                }
            ]
        },
        {
            "Title": "Urban Redevelopment Challenge",
            "Audio": "audio/architect/urban_redevelopment.mp3",
            "BackgroundImage": "images/careers/architect/urban_redevelopment.jpg",
            "Description": "Your city has commissioned you to redesign a neglected urban area into a vibrant public space. As you gather input from the community, you face opposition from local business owners who fear loss of income. Balancing their concerns with community needs becomes a key issue.",
            "DecisionCards": [
                {
                    "Option": "Engage in dialogues with local business owners to incorporate their ideas.",
                    "Outcomes": {
                        "PersonalImpact": 3,
                        "CommunityImpact": 5
                    }
                },
                {
                    "Option": "Create a bold design that prioritizes community input over business interests.",
                    "Outcomes": {
                        "PersonalImpact": 5,
                        "CommunityImpact": 4
                    }
                }
            ]
        }
    ],
    "Result": {
        "Achieved": "You've become a respected leader in your field, transforming the landscape with your visionary designs!",
        "AchievedImage": "images/careers/architect/achieved_architect.jpg",
        "Moderate": "You've made a solid impact but can achieve more as you refine your approach to community involvement.",
        "ModerateImage": "images/careers/architect/moderate_architect.jpg",
        "Retry": "Your journey ends here. but you can try again and reconsider your options!",
        "RetryImage": "images/careers/architect/retry_architect.jpg",
        "Quit": "Game Over!",
        "QuitImage": "images/careers/architect/game_over.jpg"
    }
}