{
    "CareerCard": {
        "Title": "Interior Designer",
        "Enabled": 1,
        "ImageMale": "images/careers/interior_designer/interior_designer.jpg",
        "ImageFemale": "images/careers/interior_designer/interior_designer.jpg",
        "Overview": "An Interior Designer makes spaces both beautiful and functional. They work with clients to understand their style and needs while following safety rules. From choosing colors and furniture to planning layouts, they create comfortable and inspiring places to live and work.",
        "Benefits and Challenges": {
            "Benefits": [
                "Creative expression through design",
                "Opportunity to work on diverse projects",
                "Potential for high job satisfaction",
                "Career versatility across various industries"
            ],
            "Job Challenges": [
                "Client disagreements on design choices",
                "Staying up-to-date with design trends",
                "Managing tight deadlines",
                "Dealing with project budget constraints"
            ]
        },
        "Dual Impact Highlights": {
            "PersonalGrowth": "A career in Interior Design fosters personal development by honing creativity, enhancing problem-solving skills, and improving client communication abilities. Designers learn to balance aesthetics with functionality, leading to a strong sense of personal fulfillment.",
            "CommunityImpact": "Interior Designers contribute to society by creating spaces that improve the quality of life for individuals and communities. Their work can enhance local businesses, support sustainable practices, and promote well-being through thoughtfully designed environments."
        },
        "Choices": [
            {
                "Option": "Focus on high-end residential projects to maximize personal creativity.",
                "PersonalImpact": 5,
                "CommunityImpact": 2,
                "Result": "This path allows for artistic freedom and personal satisfaction but may limit community-oriented projects."
            },
            {
                "Option": "Engage in community-focused design projects that serve local needs.",
                "PersonalImpact": 3,
                "CommunityImpact": 5,
                "Result": "This approach balances personal growth with impactful contributions to the community, creating fulfilling and meaningful designs."
            }
        ]
    },
    "Scenarios": [
        {
            "Title": "Home Renovation Challenge",
            "Audio": "audio/interior_designer/home_renovation.mp3",
            "BackgroundImage": "images/careers/interior_designer/home_renovation.jpg",
            "Description": "An Interior Designer faces a major renovation project for a family that wants both contemporary style and child-friendly functionality. The designer must navigate differing opinions from family members about design choices while adhering to a strict deadline and budget. Effective communication and innovative solutions are crucial in addressing these challenges while meeting the aesthetic needs of the family.",
            "DecisionCards": [
                {
                    "Option": "Organize a family meeting to discuss design preferences.",
                    "Outcomes": {
                        "PersonalImpact": 6,
                        "CommunityImpact": 3
                    }
                },
                {
                    "Option": "Propose a versatile design that can adapt as the children grow.",
                    "Outcomes": {
                        "PersonalImpact": 5,
                        "CommunityImpact": 6
                    }
                }
            ]
        },
        {
            "Title": "Office Space Revamp",
            "Audio": "audio/interior_designer/office_space.mp3",
            "BackgroundImage": "images/careers/interior_designer/office_space.jpg",
            "Description": "An Interior Designer is tasked with revamping an outdated office space to enhance productivity and morale among employees. With tight budget constraints and the need for minimal disruption to work, the designer must creatively come up with solutions that incorporate contemporary design while considering the needs of a diverse workforce.",
            "DecisionCards": [
                {
                    "Option": "Implement open space designs to encourage collaboration.",
                    "Outcomes": {
                        "PersonalImpact": 7,
                        "CommunityImpact": 4
                    }
                },
                {
                    "Option": "Maintain traditional layouts but update furnishings.",
                    "Outcomes": {
                        "PersonalImpact": 4,
                        "CommunityImpact": 2
                    }
                }
            ]
        }
    ],
    "Result": {
        "Achieved": "You've become a sought-after expert in creating innovative and functional spaces!",
        "AchievedImage": "images/careers/interior_designer/achieved_interior_designer.jpg",
        "Moderate": "You've made a good impact, but there's room for growth in your design career.",
        "ModerateImage": "images/careers/interior_designer/moderate_interior_designer.jpg",
        "Retry": "Your journey ends here\u2026 but there\u2019s always room for improvement and new opportunities ahead!",
        "RetryImage": "images/careers/interior_designer/retry_interior_designer.jpg",
        "Quit": "Game Over!",
        "QuitImage": "images/careers/interior_designer/game_over.jpg"
    }
}