{
    "CareerCard": {
        "Title": "Doctor",
        "Enabled": 1,
        "ImageMale": "images/doctor.png",
        "ImageFemale": "images/doctor.png",
        "Overview": "Doctors are medical professionals responsible for diagnosing and treating illnesses and injuries. They conduct examinations, prescribe medications, and provide preventive care to ensure the health and well-being of their patients. Their role is crucial not only for individual health but also for the public health of communities at large.",
        "BenefitsAndChallenges": {
            "Benefits": [
                "High earning potential.",
                "Ability to make a significant difference in patients' lives.",
                "Continuous learning and professional development.",
                "Strong job security due to the ongoing need for medical professionals."
            ],
            "JobChallenges": [
                "Long and rigorous education and training requirements.",
                "High levels of stress and responsibility.",
                "Irregular hours and long shifts.",
                "Emotional toll from dealing with illness and loss."
            ]
        },
        "DualImpactHighlights": {
            "PersonalGrowth": "Working as a doctor fosters personal growth through the development of empathy, problem-solving skills, and the ability to handle high-pressure situations. It also provides a sense of accomplishment and fulfillment from helping others.",
            "CommunityImpact": "Doctors play a vital role in communities by improving public health outcomes, contributing to health education, and participating in public health initiatives. Their work helps reduce the burden of disease and enhance the quality of life for community members."
        }
    },
    "Scenarios": [
        {
            "Level": 1,
            "Title": "Initial Challenge 1",
            "Description": "An entry-level doctor faces their first day in a busy outpatient clinic, managing a full schedule of patients with various conditions.",
            "DecisionCards": [
                {
                    "Option": "Take the time to thoroughly review each patient's history before appointments.",
                    "Outcomes": {
                        "PersonalImpact": 4,
                        "CommunityImpact": 6
                    }
                },
                {
                    "Option": "Quickly move from one patient to the next to keep up with the schedule.",
                    "Outcomes": {
                        "PersonalImpact": 2,
                        "CommunityImpact": 3
                    }
                }
            ]
        },
        {
            "Level": 2,
            "Title": "Advanced Challenge 1",
            "Description": "As a more experienced doctor, the challenge arises to lead a team in a critical care situation involving multiple emergency cases.",
            "DecisionCards": [
                {
                    "Option": "Delegate responsibilities to team members based on their strengths.",
                    "Outcomes": {
                        "PersonalImpact": 3,
                        "CommunityImpact": 5
                    }
                },
                {
                    "Option": "Attempt to manage all cases personally to ensure quality of care.",
                    "Outcomes": {
                        "PersonalImpact": -4,
                        "CommunityImpact": -5
                    }
                }
            ]
        }
    ]
}
